NAGPUR,MAHARASHTRA
MUMBAI,MAHARASHTRA
JAIPUR,RAJASTHAN
AGRA,UTTAR PRADESH
MAHABALESHWAR,MAHARASHTRA
KOLKATA,WEST BENGAL
CHENNAI,TAMIL NADU
VARANASI,UTTAR PRADESH
RISHIKESH,UTTARAKHAND
SHILLONG, MEGHALAYA
RAIPUR,CHHATTISGARH
PANAJI,GOA
RANCHI,JHARKHAND
AHMEDBAD,GUJARAT
IMPHAL,MANIPUR
TIRUPATI,ANDHRA PRADESH
BHOPAL,MADHYA PRADESH
THIRUVANANTHAPURAM,KERELA
PUNE,MAHARASHTRA
SURAT,GUJARAT
VADODARA,GUJARAT
DEHRADUN,UTTRAKHAND
KANPUR,UTTAR PRADESH
DARJEELING,WEST BENGAL
AGARTALA,TRIPURA
SHIMLA,HIMACHAL PRADESH
GANGTOK,SIKKIM
JAISALMER,RAJASTHAN
GWALIOR,MADHYA PRADESH
JALANDHAR,PUNJAB
AURANGABAD,MAHARASHTRA
ROURKELA,ODISHA
ALLAHABAD,UTTAR PRADESH
MADURAI,TAMIL NADU
JODHPUR,RAJASTHAN
CHERRAPUNJI,MEGHALAYA
UJJAIN,MADHYA PRADESH
LUDHIANA,PUNJAB
KOTA,RAJASTHAN
PATNA,BIHAR
GUWAHATI,ASSAM
AKOLA,MAHARASHTRA
KOCHI,KERELA
SRINAGAR,JAMMU AND KASHMIR
MATHURA,UTTAR PRADESH
INDORE,MADHYA PRADESH
KOLHAPUR,MAHARSHTRA
VISAKHAPATNAM,ANDHRA PRADESH
BENGALURU,KARNATAKA
TAWANG,ARUNACHAL PRADESH